{
	"0": [1, 5, 100, 20],
	"1": [0, 1, 90, 15],
	"2": [0, 1, 80, 12],
	"3": [1, 2, 80, 15],
	"4": [0, 1.57, 90, 10],
	"5": [0, 1, 110, 12],
	"6": [1.57, 3.14, 90, 15],
	"7": [0, 1, 110, 10],
	"8": [1, 2, 80, 14],
	"9": [0, 8, 90, 12],
	"10": [1.57, 0, 100, 14],
	"11": [1, 2.71828182845905, 110, 15],
	"12": [1, 4, 90, 10],
	"13": [4, 6, 80, 12],
	"14": [0, 0.785, 120, 16],
	"15": [0, 1, 100, 12],
	"16": [0.606530659712633, 1, 90, 14],
	"17": [0, 1, 80, 10],
	"18": [0.5, 0.866025403784439, 90, 14],
	"19": [-0.523333333333333, 1.04666666666667, 80, 12],
	"20": [2.71828182845905, 7.38905609893065, 110, 16],
	"21": [0.693147180559945, 1.79175946922805, 120, 15],
	"22": [1.4142135623731, 2, 90, 12],
	"23": [0, 0.785, 100, 15],
	"24": [0, 3, 90, 14],
	"25": [0, 1, 80, 12],
	"26": [-1, 2, 90, 15],
	"27": [0, 0.523333333333333, 80, 16],
	"28": [1, 2.71828182845905, 100, 12],
	"29": [-1.57, 0, 90, 12],
	"30": [0, 1.73205080756888, 110, 14],
	"31": [1, 4, 90, 14],
	"32": [1, 2.71828182845905, 80, 16],
	"33": [1, 7.38905609893065, 90, 15],
	"34": [1, 11, 100, 12],
	"35": [1, 8, 100, 15],
	"36": [2, 5, 80, 12],
	"37": [1, 7.38905609893065, 110, 16],
	"38": [0, -0.3925, 90, 12],
	"39": [0, 1, 100, 14],
	"40": [0, 4, 80, 12]
}
